<?xml version="1.0" encoding="UTF-8"?>
<!DOCTYPE configuration PUBLIC "-//mybatis.org//DTD Config 3.0//EN" "http://mybatis.org/dtd/mybatis-3-config.dtd" >
<!-- 
/**
설명
작성자 :  김경혜,오효원
최초 작성일 : 2017.05.23
변경이력
xxx 며칠날 수정
*/
 -->
<configuration>
	<settings>
		<!-- null값 생성. -->
		<setting name="jdbcTypeForNull" value="NULL" />
	</settings>
	<!-- VO 클래스 이름 별칭 설정 -->
	<typeAliases>
		<package name="vo"/>
	</typeAliases>
	<!-- 환경설정 : DB연결관련 설정 -->
	<environments default="default">
		<environment id="default">
			<transactionManager type="JDBC" />
			<dataSource type="POOLED">
				<property name="driver" value="oracle.jdbc.driver.OracleDriver" />
				<property name="url" value="jdbc:oracle:thin:@127.0.0.1:1521:XE" />
				<property name="username" value="movie" />
				<property name="password" value="movie" />
				<property name="poolMaximumActiveConnections" value="100" />
			</dataSource>
		</environment>
	</environments>
	
	<!-- Mapper 등록  -->
	<mappers>
	<mapper resource="dao/config/mapper/movieMapper.xml"/>
	</mappers>
</configuration>
