<?xml version="1.0" encoding="UTF-8"?>
<!DOCTYPE configuration PUBLIC "-//mybatis.org//DTD Config 3.0//EN" "http://mybatis.org/dtd/mybatis-3-config.dtd">
<configuration>
	<typeAliases>
		<package name="member.vo"/>
	</typeAliases>
	<environments default="local">
		<environment id="local">
			<transactionManager type="JDBC" />
			<dataSource type="POOLED">
				<property name="driver" value="oracle.jdbc.driver.OracleDriver" />
				<property name="url" value="jdbc:oracle:thin:@127.0.0.1:1521:XE" />
				<property name="username" value="scott" />
				<property name="password" value="tiger" />
				<property name="poolMaximumActiveConnections" value="100"/>
			</dataSource>
		</environment>
	</environments>
	<mappers>
		<mapper resource="member/config/mapper/memberMapper.xml" />
	</mappers>
</configuration>